,city,voivodeship
0,bielany-wroclawskie,Dolnoslaskie
1,bielawa,Dolnoslaskie
2,bierutow,Dolnoslaskie
3,bogatynia,Dolnoslaskie
4,boguszow-gorce,Dolnoslaskie
5,boleslawiec,Dolnoslaskie
6,bolkow,Dolnoslaskie
7,borowa,Dolnoslaskie
8,brzeg-dolny,Dolnoslaskie
9,bystrzyca-klodzka,Dolnoslaskie
10,chocianow,Dolnoslaskie
11,chojnow,Dolnoslaskie
12,dobroszyce,Dolnoslaskie
13,dobrzykowice,Dolnoslaskie
14,domaslaw,Dolnoslaskie
15,dzierzoniow,Dolnoslaskie
16,dlugoleka,Dolnoslaskie
17,gromadka,Dolnoslaskie
18,gryfow-slaski,Dolnoslaskie
19,gora,Dolnoslaskie
20,glogow,Dolnoslaskie
21,irzadze,Dolnoslaskie
22,jawor,Dolnoslaskie
23,jaworzyna-slaska,Dolnoslaskie
24,jelcz-laskowice,Dolnoslaskie
25,jelenia-gora,Dolnoslaskie
26,jezow-sudecki,Dolnoslaskie
27,kamieniec-wroclawski,Dolnoslaskie
28,kamienna-gora,Dolnoslaskie
29,karpacz,Dolnoslaskie
30,kielczow,Dolnoslaskie
31,kowary,Dolnoslaskie
32,kudowa-zdroj,Dolnoslaskie
33,kunice,Dolnoslaskie
34,katy-wroclawskie,Dolnoslaskie
35,klodzko,Dolnoslaskie
36,legnica,Dolnoslaskie
37,lisowice,Dolnoslaskie
38,luban,Dolnoslaskie
39,lubin,Dolnoslaskie
40,lutynia,Dolnoslaskie
41,lwowek-slaski,Dolnoslaskie
42,ladek-zdroj,Dolnoslaskie
43,michow,Dolnoslaskie
44,milicz,Dolnoslaskie
45,mirkow,Dolnoslaskie
46,mirsk,Dolnoslaskie
47,nowa-ruda,Dolnoslaskie
48,nowogrodziec,Dolnoslaskie
49,obora,Dolnoslaskie
50,oborniki-slaskie,Dolnoslaskie
51,olesnica,Dolnoslaskie
52,olawa,Dolnoslaskie
53,piechowice,Dolnoslaskie
54,pieszyce,Dolnoslaskie
55,pilawa-dolna,Dolnoslaskie
56,polanica-zdroj,Dolnoslaskie
57,polkowice,Dolnoslaskie
58,prochowice,Dolnoslaskie
59,prusice,Dolnoslaskie
60,pszenno,Dolnoslaskie
61,radwanice,Dolnoslaskie
62,rakoszyce,Dolnoslaskie
63,ruszowice,Dolnoslaskie
64,rzeszotary,Dolnoslaskie
65,siechnice,Dolnoslaskie
66,smolec,Dolnoslaskie
67,sobotka,Dolnoslaskie
68,spalice,Dolnoslaskie
69,strzegom,Dolnoslaskie
70,strzelin,Dolnoslaskie
71,sycow,Dolnoslaskie
72,szczawno-zdroj,Dolnoslaskie
73,szczytna,Dolnoslaskie
74,szewce,Dolnoslaskie
75,szklarska-poreba,Dolnoslaskie
76,trzebnica,Dolnoslaskie
77,twardogora,Dolnoslaskie
78,tyniec-maly,Dolnoslaskie
79,walbrzych,Dolnoslaskie
80,wilczyce,Dolnoslaskie
81,wojanow,Dolnoslaskie
82,wojnowice,Dolnoslaskie
83,wolow,Dolnoslaskie
84,wroclaw,Dolnoslaskie
85,wysoka,Dolnoslaskie
86,zawonia,Dolnoslaskie
87,zgorzelec,Dolnoslaskie
88,ziebice,Dolnoslaskie
89,zabkowice-slaskie,Dolnoslaskie
90,zlotoryja,Dolnoslaskie
91,zloty-stok,Dolnoslaskie
92,lagiewniki,Dolnoslaskie
93,scinawa,Dolnoslaskie
94,sroda-slaska,Dolnoslaskie
95,swidnica,Dolnoslaskie
96,swiebodzice,Dolnoslaskie
97,swietoszow,Dolnoslaskie
98,zarow,Dolnoslaskie
99,zmigrod,Dolnoslaskie
100,aleksandrowo,Kujawsko-pomorskie
101,aleksandrow-kujawski,Kujawsko-pomorskie
102,barcin,Kujawsko-pomorskie
103,biale-blota,Kujawsko-pomorskie
104,brodnica,Kujawsko-pomorskie
105,brzesc-kujawski,Kujawsko-pomorskie
106,brzoza,Kujawsko-pomorskie
107,brzozowka,Kujawsko-pomorskie
108,bydgoszcz,Kujawsko-pomorskie
109,chelmno,Kujawsko-pomorskie
110,chelmza,Kujawsko-pomorskie
111,chocen,Kujawsko-pomorskie
112,chodecz,Kujawsko-pomorskie
113,ciechocinek,Kujawsko-pomorskie
114,czernikowo,Kujawsko-pomorskie
115,dobrcz,Kujawsko-pomorskie
116,gniewkowo,Kujawsko-pomorskie
117,golub-dobrzyn,Kujawsko-pomorskie
118,grudziadz,Kujawsko-pomorskie
119,grebocin,Kujawsko-pomorskie
120,glogowo,Kujawsko-pomorskie
121,inowroclaw,Kujawsko-pomorskie
122,jablonowo-pomorskie,Kujawsko-pomorskie
123,janikowo,Kujawsko-pomorskie
124,janowiec-wielkopolski,Kujawsko-pomorskie
125,kamien-krajenski,Kujawsko-pomorskie
126,karbowo,Kujawsko-pomorskie
127,kaldus,Kujawsko-pomorskie
128,kcynia,Kujawsko-pomorskie
129,kikol,Kujawsko-pomorskie
130,kobylnica,Kujawsko-pomorskie
131,koronowo,Kujawsko-pomorskie
132,kowal,Kujawsko-pomorskie
133,kowalewo-pomorskie,Kujawsko-pomorskie
134,kruszwica,Kujawsko-pomorskie
135,laskowice,Kujawsko-pomorskie
136,lipno,Kujawsko-pomorskie
137,lisi-ogon,Kujawsko-pomorskie
138,lubicz-dolny,Kujawsko-pomorskie
139,lubicz-gorny,Kujawsko-pomorskie
140,lubien-kujawski,Kujawsko-pomorskie
141,lubraniec,Kujawsko-pomorskie
142,lubraniec-parcele,Kujawsko-pomorskie
143,mamlicz,Kujawsko-pomorskie
144,mala-kepa,Kujawsko-pomorskie
145,mala-nieszawka,Kujawsko-pomorskie
146,mogilno,Kujawsko-pomorskie
147,mrocza,Kujawsko-pomorskie
148,naklo-nad-notecia,Kujawsko-pomorskie
149,niemcz,Kujawsko-pomorskie
150,niwy,Kujawsko-pomorskie
151,nowa-wies,Kujawsko-pomorskie
152,nowa-wies-wielka,Kujawsko-pomorskie
153,nowe,Kujawsko-pomorskie
154,osie,Kujawsko-pomorskie
155,osiek-nad-wisla,Kujawsko-pomorskie
156,osielsko,Kujawsko-pomorskie
157,osieciny,Kujawsko-pomorskie
158,osowa-gora,Kujawsko-pomorskie
159,pakosc,Kujawsko-pomorskie
160,piotrkow-kujawski,Kujawsko-pomorskie
161,pruszcz,Kujawsko-pomorskie
162,raciazek,Kujawsko-pomorskie
163,radziejow,Kujawsko-pomorskie
164,rogowo,Kujawsko-pomorskie
165,rogozno,Kujawsko-pomorskie
166,rojewo,Kujawsko-pomorskie
167,rypin,Kujawsko-pomorskie
168,sicienko,Kujawsko-pomorskie
169,skepe,Kujawsko-pomorskie
170,solec-kujawski,Kujawsko-pomorskie
171,strzelno,Kujawsko-pomorskie
172,szubin,Kujawsko-pomorskie
173,sepolno-krajenskie,Kujawsko-pomorskie
174,tarkowo-dolne,Kujawsko-pomorskie
175,torun,Kujawsko-pomorskie
176,tuchola,Kujawsko-pomorskie
177,tluchowo,Kujawsko-pomorskie
178,unislaw,Kujawsko-pomorskie
179,wiecbork,Kujawsko-pomorskie
180,wytrebowice,Kujawsko-pomorskie
181,wabrzezno,Kujawsko-pomorskie
182,wloclawek,Kujawsko-pomorskie
183,zamosc,Kujawsko-pomorskie
184,zareba,Kujawsko-pomorskie
185,zalachowo,Kujawsko-pomorskie
186,zielonka,Kujawsko-pomorskie
187,zlotniki-kujawskie,Kujawsko-pomorskie
188,zlotopole,Kujawsko-pomorskie
189,zlotoria,Kujawsko-pomorskie
190,labiszyn,Kujawsko-pomorskie
191,lasin,Kujawsko-pomorskie
192,lochowice,Kujawsko-pomorskie
193,lochowo,Kujawsko-pomorskie
194,lysomice,Kujawsko-pomorskie
195,lazynek,Kujawsko-pomorskie
196,sliwice,Kujawsko-pomorskie
197,smielin,Kujawsko-pomorskie
198,swiecie,Kujawsko-pomorskie
199,znin,Kujawsko-pomorskie
200,abramowice-prywatne,Lubelskie
201,adamow,Lubelskie
202,annopol,Lubelskie
203,belzec,Lubelskie
204,belzyce,Lubelskie
205,biala,Lubelskie
206,biala-podlaska,Lubelskie
207,biskupice,Lubelskie
208,bilgoraj,Lubelskie
209,bychawa,Lubelskie
210,chelm,Lubelskie
211,ciecierzyn,Lubelskie
212,cycow,Lubelskie
213,czemierniki,Lubelskie
214,dminin,Lubelskie
215,deblin,Lubelskie
216,debowka,Lubelskie
217,elizowka,Lubelskie
218,firlej,Lubelskie
219,frampol,Lubelskie
220,garbow-i,Lubelskie
221,garbow-ii,Lubelskie
222,gora-pulawska,Lubelskie
223,hrubieszow,Lubelskie
224,janowiec,Lubelskie
225,janow,Lubelskie
226,janow-lubelski,Lubelskie
227,janow-podlaski,Lubelskie
228,jastkow,Lubelskie
229,jozefow,Lubelskie
230,kalinowice,Lubelskie
231,kazimierz-dolny,Lubelskie
232,kock,Lubelskie
233,konopnica,Lubelskie
234,konskowola,Lubelskie
235,krasnobrod,Lubelskie
236,krasnystaw,Lubelskie
237,krasnik,Lubelskie
238,krzywda,Lubelskie
239,kurow,Lubelskie
240,kloczew,Lubelskie
241,lubartow,Lubelskie
242,lublin,Lubelskie
243,milejow-osada,Lubelskie
244,miedzyrzec-podlaski,Lubelskie
245,modliborzyce,Lubelskie
246,motycz,Lubelskie
247,naleczow,Lubelskie
248,niedrzwica-duza,Lubelskie
249,niemce,Lubelskie
250,nowodwor,Lubelskie
251,okrzeja,Lubelskie
252,opole-lubelskie,Lubelskie
253,ostrow-lubelski,Lubelskie
254,parczew,Lubelskie
255,piaski,Lubelskie
256,pienki,Lubelskie
257,poniatowa,Lubelskie
258,przytoczno,Lubelskie
259,puchaczow,Lubelskie
260,pulawy,Lubelskie
261,radzyn-podlaski,Lubelskie
262,rejowiec,Lubelskie
263,rejowiec-fabryczny,Lubelskie
264,rudnik,Lubelskie
265,ryki,Lubelskie
266,serokomla,Lubelskie
267,sitaniec,Lubelskie
268,sobieszczany-kolonia,Lubelskie
269,stasin,Lubelskie
270,stoczek-lukowski,Lubelskie
271,strzyzewice,Lubelskie
272,stroza,Lubelskie
273,szczebrzeszyn,Lubelskie
274,szerokie,Lubelskie
275,tarnogrod,Lubelskie
276,terespol,Lubelskie
277,tomaszow-lubelski,Lubelskie
278,trawniki,Lubelskie
279,trzeszczany-pierwsze,Lubelskie
280,tuchowicz,Lubelskie
281,turka,Lubelskie
282,turobin,Lubelskie
283,tyszowce,Lubelskie
284,urszulin,Lubelskie
285,urzedow,Lubelskie
286,werbkowice,Lubelskie
287,wojcieszkow,Lubelskie
288,wojslawice,Lubelskie
289,wola-myslowska,Lubelskie
290,wyznianka-kolonia,Lubelskie
291,wawolnica,Lubelskie
292,wlodawa,Lubelskie
293,zamosc,Lubelskie
294,zwierzyniec,Lubelskie
295,laszczow,Lubelskie
296,lukow,Lubelskie
297,leczna,Lubelskie
298,swidnik,Lubelskie
299,zolkiewka,Lubelskie
300,babimost,Lubuskie
301,baczyna,Lubuskie
302,bielen,Lubuskie
303,bobrowko,Lubuskie
304,bogdaniec,Lubuskie
305,brzezie-k.-sulechowa,Lubuskie
306,bukowica,Lubuskie
307,bytom-odrzanski,Lubuskie
308,chwalecice,Lubuskie
309,cigacice,Lubuskie
310,cybinka,Lubuskie
311,czerwiensk,Lubuskie
312,deszczno,Lubuskie
313,dobiegniew,Lubuskie
314,drezdenko,Lubuskie
315,droszkow,Lubuskie
316,dryzyna,Lubuskie
317,drzonkow,Lubuskie
318,dabie,Lubuskie
319,glinik,Lubuskie
320,gorzow-wielkopolski,Lubuskie
321,gozdnica,Lubuskie
322,goscieszowice,Lubuskie
323,grabik,Lubuskie
324,gubin,Lubuskie
325,gorzyca,Lubuskie
326,hetmanice,Lubuskie
327,ilowa,Lubuskie
328,janczewo,Lubuskie
329,jasien,Lubuskie
330,jenin,Lubuskie
331,kargowa,Lubuskie
332,kolsko,Lubuskie
333,kostrzyn-nad-odra,Lubuskie
334,kozuchow,Lubuskie
335,krosno-odrzanskie,Lubuskie
336,krzeszyce,Lubuskie
337,ksiaz-slaski,Lubuskie
338,klodawa,Lubuskie
339,lubsko,Lubuskie
340,marcinowice,Lubuskie
341,maszewo,Lubuskie
342,malomice,Lubuskie
343,mirocin-gorny,Lubuskie
344,mirostowice-dolne,Lubuskie
345,miedzyrzecz,Lubuskie
346,modrzyca,Lubuskie
347,murzynowo,Lubuskie
348,nowa-sol,Lubuskie
349,nowe-kurowo,Lubuskie
350,nowe-miasteczko,Lubuskie
351,nowiny-wielkie,Lubuskie
352,nowogrod-bobrzanski,Lubuskie
353,ochla,Lubuskie
354,olbrachtow,Lubuskie
355,otyn,Lubuskie
356,osno-lubuskie,Lubuskie
357,pasterzowice,Lubuskie
358,przyborow,Lubuskie
359,przylep,Lubuskie
360,przytoczna,Lubuskie
361,pszczew,Lubuskie
362,racula,Lubuskie
363,rudno,Lubuskie
364,rzepin,Lubuskie
365,siecieborzyce,Lubuskie
366,skwierzyna,Lubuskie
367,stare-kurowo,Lubuskie
368,stary-kisielin,Lubuskie
369,stary-zagan,Lubuskie
370,strzelce-krajenskie,Lubuskie
371,sulechow,Lubuskie
372,sulecin,Lubuskie
373,szlichtyngowa,Lubuskie
374,szprotawa,Lubuskie
375,szprotawka,Lubuskie
376,slawa,Lubuskie
377,slonsk,Lubuskie
378,slubice,Lubuskie
379,torzym,Lubuskie
380,trzciel,Lubuskie
381,trzebiel,Lubuskie
382,tuplice,Lubuskie
383,wawrow,Lubuskie
384,wiechlice,Lubuskie
385,wilkanowo,Lubuskie
386,witnica,Lubuskie
387,wschowa,Lubuskie
388,zawada,Lubuskie
389,zbaszynek,Lubuskie
390,zielona-gora,Lubuskie
391,zwierzyn,Lubuskie
392,lagow,Lubuskie
393,leknica,Lubuskie
394,lezyca,Lubuskie
395,smieszkowo,Lubuskie
396,swidnica,Lubuskie
397,swiebodzin,Lubuskie
398,zagan,Lubuskie
399,zary,Lubuskie
400,aleksandrow-lodzki,Łódzkie
401,andrespol,Łódzkie
402,antoniew,Łódzkie
403,belchatow,Łódzkie
404,biala-rawska,Łódzkie
405,boleslawiec,Łódzkie
406,borowa,Łódzkie
407,brzeziny,Łódzkie
408,brzeznio,Łódzkie
409,buczek,Łódzkie
410,bukowiec,Łódzkie
411,burzenin,Łódzkie
412,blaszki,Łódzkie
413,charlupia-wielka,Łódzkie
414,czestkow-b,Łódzkie
415,dmosin,Łódzkie
416,dobron,Łódzkie
417,drzewica,Łódzkie
418,dzialoszyn,Łódzkie
419,dabrowice,Łódzkie
420,dlutow,Łódzkie
421,galkow-maly,Łódzkie
422,gomunice,Łódzkie
423,gorzkowice,Łódzkie
424,glowno,Łódzkie
425,janowice,Łódzkie
426,justynow,Łódzkie
427,jozefow,Łódzkie
428,kamiensk,Łódzkie
429,kleszczow,Łódzkie
430,koluszki,Łódzkie
431,konstantynow-lodzki,Łódzkie
432,krosniewice,Łódzkie
433,ksawerow,Łódzkie
434,kudrowice,Łódzkie
435,kurowice,Łódzkie
436,kutno,Łódzkie
437,lubochnia,Łódzkie
438,lutomiersk,Łódzkie
439,lututow,Łódzkie
440,michalow,Łódzkie
441,nowa-wies,Łódzkie
442,nowe-lagiewniki,Łódzkie
443,opoczno,Łódzkie
444,osjakow,Łódzkie
445,ostrowek,Łódzkie
446,ozorkow,Łódzkie
447,pabianice,Łódzkie
448,pajeczno,Łódzkie
449,paradyz,Łódzkie
450,parcice,Łódzkie
451,pieczyska,Łódzkie
452,piotrkow-trybunalski,Łódzkie
453,piatek,Łódzkie
454,poddebice,Łódzkie
455,przedborz,Łódzkie
456,radomsko,Łódzkie
457,rawa-mazowiecka,Łódzkie
458,rokiciny,Łódzkie
459,rosanow,Łódzkie
460,rozprza,Łódzkie
461,rzgow,Łódzkie
462,rabien,Łódzkie
463,rabien-ab,Łódzkie
464,sieradz,Łódzkie
465,skierniewice,Łódzkie
466,sokolniki,Łódzkie
467,starowa-gora,Łódzkie
468,strykow,Łódzkie
469,strzelce-wielkie,Łódzkie
470,sulejow,Łódzkie
471,szadek,Łódzkie
472,szczercow,Łódzkie
473,szynkielew,Łódzkie
474,tomaszow-mazowiecki,Łódzkie
475,tuszyn,Łódzkie
476,ujazd,Łódzkie
477,uniejow,Łódzkie
478,warta,Łódzkie
479,widawa,Łódzkie
480,wielun,Łódzkie
481,wieruszow,Łódzkie
482,wisniowa-gora,Łódzkie
483,wola-krzysztoporska,Łódzkie
484,wola-wiewiecka,Łódzkie
485,wolborz,Łódzkie
486,zdunska-wola,Łódzkie
487,zelow,Łódzkie
488,zgierz,Łódzkie
489,zygry,Łódzkie
490,zloczew,Łódzkie
491,lask,Łódzkie
492,lowicz,Łódzkie
493,lyszkowice,Łódzkie
494,lodz,Łódzkie
495,leczyca,Łódzkie
496,leki-szlacheckie,Łódzkie
497,swinice-warckie,Łódzkie
498,zakowice,Łódzkie
499,zychlin,Łódzkie
500,alwernia,Małopolskie
501,andrychow,Małopolskie
502,biecz,Małopolskie
503,bobowa,Małopolskie
504,bochnia,Małopolskie
505,borzecin,Małopolskie
506,brzesko,Małopolskie
507,brzeszcze,Małopolskie
508,bukowno,Małopolskie
509,chelmek,Małopolskie
510,chelmiec,Małopolskie
511,chrzanow,Małopolskie
512,czernichow,Małopolskie
513,dobczyce,Małopolskie
514,dobra,Małopolskie
515,dabrowa-tarnowska,Małopolskie
516,gdow,Małopolskie
517,gorlice,Małopolskie
518,grojec,Małopolskie
519,grybow,Małopolskie
520,glogoczow,Małopolskie
521,jablonka,Małopolskie
522,jadowniki,Małopolskie
523,jastew,Małopolskie
524,jawiszowice,Małopolskie
525,jordanow,Małopolskie
526,kalwaria-zebrzydowska,Małopolskie
527,klucze,Małopolskie
528,krakow,Małopolskie
529,krynica-zdroj,Małopolskie
530,krzeszowice,Małopolskie
531,kaclowa,Małopolskie
532,kety,Małopolskie
533,klaj,Małopolskie
534,laskowa,Małopolskie
535,libertow,Małopolskie
536,libiaz,Małopolskie
537,limanowa,Małopolskie
538,lipinki,Małopolskie
539,lubien,Małopolskie
540,makow-podhalanski,Małopolskie
541,michalowice,Małopolskie
542,miechow,Małopolskie
543,mikluszowice,Małopolskie
544,mogilany,Małopolskie
545,mszana-dolna,Małopolskie
546,muszyna,Małopolskie
547,myslenice,Małopolskie
548,nawojowa,Małopolskie
549,niepolomice,Małopolskie
550,nowy-sacz,Małopolskie
551,nowy-targ,Małopolskie
552,nowy-wisnicz,Małopolskie
553,olkusz,Małopolskie
554,osiek,Małopolskie
555,oswiecim,Małopolskie
556,piekielnik,Małopolskie
557,podegrodzie,Małopolskie
558,proszowice,Małopolskie
559,przeciszow,Małopolskie
560,ploki,Małopolskie
561,rabka-zdroj,Małopolskie
562,radlow,Małopolskie
563,ropa,Małopolskie
564,siepraw,Małopolskie
565,skawina,Małopolskie
566,skala,Małopolskie
567,stary-sacz,Małopolskie
568,stryszawa,Małopolskie
569,sucha-beskidzka,Małopolskie
570,sulkowice,Małopolskie
571,szczucin,Małopolskie
572,szynwald,Małopolskie
573,slomniki,Małopolskie
574,tarnowiec,Małopolskie
575,tarnow,Małopolskie
576,trzciana,Małopolskie
577,trzebinia,Małopolskie
578,tuchow,Małopolskie
579,tymbark,Małopolskie
580,tegoborze,Małopolskie
581,wadowice,Małopolskie
582,wawrzenczyce,Małopolskie
583,wieliczka,Małopolskie
584,wieloglowy,Małopolskie
585,wolbrom,Małopolskie
586,wegrzce,Małopolskie
587,zabierzow,Małopolskie
588,zakliczyn,Małopolskie
589,zakopane,Małopolskie
590,zastow,Małopolskie
591,zator,Małopolskie
592,zawoja,Małopolskie
593,zbylitowska-gora,Małopolskie
594,zielonki,Małopolskie
595,lukanowice,Małopolskie
596,lacko,Małopolskie
597,swiatniki-gorne,Małopolskie
598,zabno,Małopolskie
599,zarnowka,Małopolskie
600,aleksandrowka,Mazowieckie
601,biala,Mazowieckie
602,bialobrzegi,Mazowieckie
603,brwinow,Mazowieckie
604,blonie,Mazowieckie
605,bledow,Mazowieckie
606,ciechanow,Mazowieckie
607,drozanki,Mazowieckie
608,duchnow,Mazowieckie
609,debe-wielkie,Mazowieckie
610,garwolin,Mazowieckie
611,gostynin,Mazowieckie
612,grabowo,Mazowieckie
613,grodzisk-mazowiecki,Mazowieckie
614,grojec,Mazowieckie
615,gora-kalwaria,Mazowieckie
616,gozd,Mazowieckie
617,halinow,Mazowieckie
618,ilza,Mazowieckie
619,jablonna,Mazowieckie
620,janki,Mazowieckie
621,jedlinsk,Mazowieckie
622,joniec,Mazowieckie
623,jozefoslaw,Mazowieckie
624,jozefow,Mazowieckie
625,karczew,Mazowieckie
626,kielpin,Mazowieckie
627,klwatka,Mazowieckie
628,kobylka,Mazowieckie
629,konstancin-jeziorna,Mazowieckie
630,kozienice,Mazowieckie
631,kolbiel,Mazowieckie
632,krepica,Mazowieckie
633,legionowo,Mazowieckie
634,lipsko,Mazowieckie
635,makow-mazowiecki,Mazowieckie
636,marki,Mazowieckie
637,milanowek,Mazowieckie
638,milejowice,Mazowieckie
639,minsk-mazowiecki,Mazowieckie
640,mszczonow,Mazowieckie
641,mysiadlo,Mazowieckie
642,mlawa,Mazowieckie
643,nadarzyn,Mazowieckie
644,nasielsk,Mazowieckie
645,nowa-iwiczna,Mazowieckie
646,nowy-dwor-mazowiecki,Mazowieckie
647,ostroleka,Mazowieckie
648,ostrow-mazowiecka,Mazowieckie
649,otwock,Mazowieckie
650,ozarow-mazowiecki,Mazowieckie
651,piaseczno,Mazowieckie
652,piastow,Mazowieckie
653,pionki,Mazowieckie
654,pruszkow,Mazowieckie
655,przasnysz,Mazowieckie
656,przysucha,Mazowieckie
657,przytyk,Mazowieckie
658,pultusk,Mazowieckie
659,plock,Mazowieckie
660,plonsk,Mazowieckie
661,radom,Mazowieckie
662,radzanow,Mazowieckie
663,radzymin,Mazowieckie
664,rajec-poduchowny,Mazowieckie
665,raszyn,Mazowieckie
666,serock,Mazowieckie
667,siedlce,Mazowieckie
668,sierpc,Mazowieckie
669,sochaczew,Mazowieckie
670,sokolow-podlaski,Mazowieckie
671,stare-babice,Mazowieckie
672,stary-gozd,Mazowieckie
673,sulejowek,Mazowieckie
674,szczawin-koscielny,Mazowieckie
675,szydlowiec,Mazowieckie
676,tarczyn,Mazowieckie
677,tluszcz,Mazowieckie
678,warka,Mazowieckie
679,warszawa,Mazowieckie
680,wieliszew,Mazowieckie
681,wielogora,Mazowieckie
682,wola-prazmowska,Mazowieckie
683,wolomin,Mazowieckie
684,wyszkow,Mazowieckie
685,wegrow,Mazowieckie
686,zaborow,Mazowieckie
687,zagosciniec,Mazowieckie
688,zakroczym,Mazowieckie
689,zaluski,Mazowieckie
690,zielonka,Mazowieckie
691,zwolen,Mazowieckie
692,zabki,Mazowieckie
693,laskarzew,Mazowieckie
694,lochow,Mazowieckie
695,lomianki,Mazowieckie
696,losice,Mazowieckie
697,slepowron,Mazowieckie
698,zuromin,Mazowieckie
699,zyrardow,Mazowieckie
700,antoniow,Opolskie
701,biala,Opolskie
702,biala-nyska,Opolskie
703,bierawa,Opolskie
704,bodzanow,Opolskie
705,bodzanow-osiedle-iii,Opolskie
706,bogacica,Opolskie
707,brzeg,Opolskie
708,burgrabice,Opolskie
709,byczyna,Opolskie
710,blotnica-strzelecka,Opolskie
711,chrzastowice,Opolskie
712,chroscice,Opolskie
713,chroscina,Opolskie
714,czarnowasy,Opolskie
715,dobra,Opolskie
716,dobrodzien,Opolskie
717,dobrzen-wielki,Opolskie
718,dziergowice,Opolskie
719,dabrowa,Opolskie
720,gogolin,Opolskie
721,gorzow-slaski,Opolskie
722,grodkow,Opolskie
723,grodziec,Opolskie
724,glogowek,Opolskie
725,glubczyce,Opolskie
726,glucholazy,Opolskie
727,izbicko,Opolskie
728,jemielnica,Opolskie
729,jelowa,Opolskie
730,kamienna,Opolskie
731,kietrz,Opolskie
732,kluczbork,Opolskie
733,kolonowskie,Opolskie
734,komprachcice,Opolskie
735,konradowa,Opolskie
736,korfantow,Opolskie
737,krapkowice,Opolskie
738,krasiejow,Opolskie
739,krasowa,Opolskie
740,krzyzanowice,Opolskie
741,kedzierzyn-kozle,Opolskie
742,kepa,Opolskie
743,lewin-brzeski,Opolskie
744,lesnica,Opolskie
745,luboszyce,Opolskie
746,lubsza,Opolskie
747,malnia,Opolskie
748,murow,Opolskie
749,namyslow,Opolskie
750,niemodlin,Opolskie
751,nowy-swietow,Opolskie
752,nysa,Opolskie
753,olesno,Opolskie
754,opole,Opolskie
755,osowiec,Opolskie
756,otmuchow,Opolskie
757,ozimek,Opolskie
758,paczkow,Opolskie
759,pawlowiczki,Opolskie
760,piotrowka,Opolskie
761,pludry,Opolskie
762,pokoj,Opolskie
763,polska-cerekiew,Opolskie
764,polska-nowa-wies,Opolskie
765,popielow,Opolskie
766,praszka,Opolskie
767,prudnik,Opolskie
768,przylesie,Opolskie
769,proszkow,Opolskie
770,radlow,Opolskie
771,rudniki,Opolskie
772,rzedowice,Opolskie
773,schodnia,Opolskie
774,skarbimierz,Opolskie
775,skarbimierz-osiedle,Opolskie
776,staniszcze-male,Opolskie
777,staniszcze-wielkie,Opolskie
778,stara-poczta,Opolskie
779,stare-siolkowice,Opolskie
780,strzelce-opolskie,Opolskie
781,strzeleczki,Opolskie
782,tarnow-opolski,Opolskie
783,turawa,Opolskie
784,tulowice,Opolskie
785,ujazd,Opolskie
786,winow,Opolskie
787,wolczyn,Opolskie
788,zawada,Opolskie
789,zawadzkie,Opolskie
790,zbicko,Opolskie
791,zdzieszowice,Opolskie
792,zebowice,Opolskie
793,lambinowice,Opolskie
794,lubniany,Opolskie
795,lacznik,Opolskie
796,laka-prudnicka,Opolskie
797,zywocice,Opolskie
798,zedowice,Opolskie
799,zlobizna,Opolskie
800,albigowa,Podkarpackie
801,bialobrzegi,Podkarpackie
802,boguchwala,Podkarpackie
803,bratkowice,Podkarpackie
804,brzezowka,Podkarpackie
805,brzeznica,Podkarpackie
806,brzostek,Podkarpackie
807,brzozow,Podkarpackie
808,blazowa,Podkarpackie
809,chorzelow,Podkarpackie
810,chrzastow,Podkarpackie
811,cierpisz,Podkarpackie
812,czarna,Podkarpackie
813,czudec,Podkarpackie
814,domaradz,Podkarpackie
815,dukla,Podkarpackie
816,dulcza-wielka,Podkarpackie
817,dynow,Podkarpackie
818,dabrowki,Podkarpackie
819,debica,Podkarpackie
820,frysztak,Podkarpackie
821,gorzyce,Podkarpackie
822,grabiny,Podkarpackie
823,grebow,Podkarpackie
824,glogow-malopolski,Podkarpackie
825,humniska,Podkarpackie
826,hyzne,Podkarpackie
827,jaroslaw,Podkarpackie
828,jasionka,Podkarpackie
829,jaslo,Podkarpackie
830,jedlicze,Podkarpackie
831,jezowe,Podkarpackie
832,jodlowa,Podkarpackie
833,kanczuga,Podkarpackie
834,kielanowka,Podkarpackie
835,kolbuszowa,Podkarpackie
836,kombornia,Podkarpackie
837,korczyna,Podkarpackie
838,kosina,Podkarpackie
839,kraczkowa,Podkarpackie
840,krasne,Podkarpackie
841,krosno,Podkarpackie
842,krzeszow,Podkarpackie
843,latoszyn,Podkarpackie
844,lesko,Podkarpackie
845,lezajsk,Podkarpackie
846,lubaczow,Podkarpackie
847,lubzina,Podkarpackie
848,majdan-krolewski,Podkarpackie
849,malinie,Podkarpackie
850,matysowka,Podkarpackie
851,miejsce-piastowe,Podkarpackie
852,mielec,Podkarpackie
853,milocin,Podkarpackie
854,nisko,Podkarpackie
855,nowa-deba,Podkarpackie
856,nowa-sarzyna,Podkarpackie
857,nowy-zmigrod,Podkarpackie
858,odrzykon,Podkarpackie
859,ostrow,Podkarpackie
860,pilzno,Podkarpackie
861,pruchnik,Podkarpackie
862,przemysl,Podkarpackie
863,przeworsk,Podkarpackie
864,pysznica,Podkarpackie
865,radomysl-wielki,Podkarpackie
866,radymno,Podkarpackie
867,rakszawa,Podkarpackie
868,ranizow,Podkarpackie
869,ropczyce,Podkarpackie
870,ruda,Podkarpackie
871,rudnik-nad-sanem,Podkarpackie
872,rymanow,Podkarpackie
873,rzeszow,Podkarpackie
874,sanok,Podkarpackie
875,sieniawa,Podkarpackie
876,skolyszyn,Podkarpackie
877,sokolow-malopolski,Podkarpackie
878,stalowa-wola,Podkarpackie
879,stobierna,Podkarpackie
880,straszecin,Podkarpackie
881,strazow,Podkarpackie
882,strzyzow,Podkarpackie
883,szowsko,Podkarpackie
884,sedziszow-malopolski,Podkarpackie
885,tarnobrzeg,Podkarpackie
886,tryncza,Podkarpackie
887,trzebownisko,Podkarpackie
888,tyczyn,Podkarpackie
889,ustrzyki-dolne,Podkarpackie
890,wadowice-gorne,Podkarpackie
891,widelka,Podkarpackie
892,wolosate,Podkarpackie
893,wolka-sokolowska,Podkarpackie
894,zaczernie,Podkarpackie
895,zagorz,Podkarpackie
896,zaklikow,Podkarpackie
897,zwieczyca,Podkarpackie
898,lancut,Podkarpackie
899,zolynia,Podkarpackie
900,augustow,Podlaskie
901,bakalarzewo,Podlaskie
902,bialowieza,Podlaskie
903,bialystok,Podlaskie
904,bielsk-podlaski,Podlaskie
905,bocki,Podlaskie
906,bransk,Podlaskie
907,choroszcz,Podlaskie
908,ciechanowiec,Podlaskie
909,czarna-bialostocka,Podlaskie
910,czyzew,Podlaskie
911,dobrzyniewo-duze,Podlaskie
912,doktorce,Podlaskie
913,drohiczyn,Podlaskie
914,dabrowa-bialostocka,Podlaskie
915,fasty,Podlaskie
916,filipow,Podlaskie
917,goniadz,Podlaskie
918,grabowka,Podlaskie
919,grajewo,Podlaskie
920,grodzisk,Podlaskie
921,grodek,Podlaskie
922,hajnowka,Podlaskie
923,horodniany,Podlaskie
924,hryniewicze,Podlaskie
925,ignatki,Podlaskie
926,ignatki-osiedle,Podlaskie
927,jasionowka,Podlaskie
928,jedwabne,Podlaskie
929,jeleniewo,Podlaskie
930,juchnowiec-dolny,Podlaskie
931,kleosin,Podlaskie
932,klepacze,Podlaskie
933,klukowo,Podlaskie
934,knyszyn,Podlaskie
935,kolno,Podlaskie
936,korycin,Podlaskie
937,kolaki-koscielne,Podlaskie
938,krypno-koscielne,Podlaskie
939,ksiezyno,Podlaskie
940,kulesze-koscielne,Podlaskie
941,kuriany,Podlaskie
942,kuznica,Podlaskie
943,lipsk,Podlaskie
944,michalowo,Podlaskie
945,mojsiki,Podlaskie
946,monki,Podlaskie
947,nagorki-jablon,Podlaskie
948,narew,Podlaskie
949,niewodnica-korycka,Podlaskie
950,niewodnica-koscielna,Podlaskie
951,nowe-piekuty,Podlaskie
952,nowodworce,Podlaskie
953,nowogrod,Podlaskie
954,ogrodniczki,Podlaskie
955,olmonty,Podlaskie
956,orla,Podlaskie
957,piatnica-poduchowna,Podlaskie
958,ploski,Podlaskie
959,porosly,Podlaskie
960,ptaki,Podlaskie
961,punsk,Podlaskie
962,raczki,Podlaskie
963,rajgrod,Podlaskie
964,rogienice-wielkie,Podlaskie
965,rutki-kossaki,Podlaskie
966,ryboly,Podlaskie
967,sejny,Podlaskie
968,sidra,Podlaskie
969,siemiatycze,Podlaskie
970,sobolewo,Podlaskie
971,sochonie,Podlaskie
972,sokoly,Podlaskie
973,sokolka,Podlaskie
974,sowlany,Podlaskie
975,stanislawowo,Podlaskie
976,stara-lomza-nad-rzeka,Podlaskie
977,stare-kupiski,Podlaskie
978,stawiski,Podlaskie
979,suchowola,Podlaskie
980,suprasl,Podlaskie
981,suraz,Podlaskie
982,suwalki,Podlaskie
983,szczuczyn,Podlaskie
984,szepietowo,Podlaskie
985,sztabin,Podlaskie
986,szypliszki,Podlaskie
987,turosl,Podlaskie
988,tykocin,Podlaskie
989,wasilkow,Podlaskie
990,wysokie-mazowieckie,Podlaskie
991,zabludow,Podlaskie
992,zajeczniki,Podlaskie
993,zambrow,Podlaskie
994,zawady,Podlaskie
995,zascianki,Podlaskie
996,lapy,Podlaskie
997,lomza,Podlaskie
998,lyski,Podlaskie
999,sniadowo,Podlaskie
1000,banino,Pomorskie
1001,bobowo,Pomorskie
1002,bojano,Pomorskie
1003,bolszewo,Pomorskie
1004,borkowo,Pomorskie
1005,brusy,Pomorskie
1006,bydgoszcz,Pomorskie
1007,bytow,Pomorskie
1008,chojnice,Pomorskie
1009,chwaszczyno,Pomorskie
1010,cieplewo,Pomorskie
1011,czarna-woda,Pomorskie
1012,czarne,Pomorskie
1013,czersk,Pomorskie
1014,czluchow,Pomorskie
1015,debrzno,Pomorskie
1016,dzierzazno,Pomorskie
1017,debnica-kaszubska,Pomorskie
1018,gdansk,Pomorskie
1019,gdynia,Pomorskie
1020,glincz,Pomorskie
1021,gniew,Pomorskie
1022,gowino,Pomorskie
1023,goscicino,Pomorskie
1024,janowo,Pomorskie
1025,jezierzyce,Pomorskie
1026,juszkowo,Pomorskie
1027,kamienica-szlachecka,Pomorskie
1028,kartuzy,Pomorskie
1029,kaldowo-wies,Pomorskie
1030,kielpino,Pomorskie
1031,kobylnica,Pomorskie
1032,kokoszkowy,Pomorskie
1033,kolbudy,Pomorskie
1034,koleczkowo,Pomorskie
1035,kosakowo,Pomorskie
1036,kowale,Pomorskie
1037,konczewo,Pomorskie
1038,koscierzyna,Pomorskie
1039,kwidzyn,Pomorskie
1040,keblowo,Pomorskie
1041,lniska,Pomorskie
1042,lubowidz,Pomorskie
1043,luzino,Pomorskie
1044,lebork,Pomorskie
1045,malbork,Pomorskie
1046,maloszyce,Pomorskie
1047,miastko,Pomorskie
1048,miechucino,Pomorskie
1049,miszewo,Pomorskie
1050,mosty,Pomorskie
1051,mrzezino,Pomorskie
1052,nowa-wies-leborska,Pomorskie
1053,nowy-dwor-gdanski,Pomorskie
1054,nowy-staw,Pomorskie
1055,nowy-swiat,Pomorskie
1056,pelplin,Pomorskie
1057,pogorze,Pomorskie
1058,prabuty,Pomorskie
1059,pruszcz-gdanski,Pomorskie
1060,przodkowo,Pomorskie
1061,pszczolki,Pomorskie
1062,puck,Pomorskie
1063,pepowo,Pomorskie
1064,reda,Pomorskie
1065,rokity,Pomorskie
1066,rokocin,Pomorskie
1067,rotmanka,Pomorskie
1068,rumia,Pomorskie
1069,sierakowice,Pomorskie
1070,skarszewy,Pomorskie
1071,somonino,Pomorskie
1072,sopot,Pomorskie
1073,starogard-gdanski,Pomorskie
1074,stary-dwor,Pomorskie
1075,stegna,Pomorskie
1076,straszyn,Pomorskie
1077,stezyca,Pomorskie
1078,subkowy,Pomorskie
1079,suchy-dwor,Pomorskie
1080,szemud,Pomorskie
1081,szklana,Pomorskie
1082,sztum,Pomorskie
1083,slupsk,Pomorskie
1084,tczew,Pomorskie
1085,trabki-wielkie,Pomorskie
1086,tuchlino,Pomorskie
1087,ustka,Pomorskie
1088,wejherowo,Pomorskie
1089,wejherowo-nanice,Pomorskie
1090,wiele,Pomorskie
1091,wesiory,Pomorskie
1092,wladyslawowo,Pomorskie
1093,zaleze,Pomorskie
1094,zblewo,Pomorskie
1095,leba,Pomorskie
1096,legowo,Pomorskie
1097,zelistrzewo,Pomorskie
1098,zukowo,Pomorskie
1099,zukowko,Pomorskie
1100,bielsko-biala,Śląskie
1101,bierun,Śląskie
1102,blachownia,Śląskie
1103,bytom,Śląskie
1104,bedzin,Śląskie
1105,chelm-slaski,Śląskie
1106,chorzow,Śląskie
1107,chybie,Śląskie
1108,cieszyn,Śląskie
1109,czechowice-dziedzice,Śląskie
1110,czeladz,Śląskie
1111,czerwionka-leszczyny,Śląskie
1112,czestochowa,Śląskie
1113,dabrowa-gornicza,Śląskie
1114,gliwice,Śląskie
1115,gniazdow,Śląskie
1116,imielin,Śląskie
1117,jankowice,Śląskie
1118,jasienica,Śląskie
1119,jastrzebie-zdroj,Śląskie
1120,jaworze,Śląskie
1121,jaworzno,Śląskie
1122,jejkowice,Śląskie
1123,kalety,Śląskie
1124,katowice,Śląskie
1125,knurow,Śląskie
1126,kobior,Śląskie
1127,koniecpol,Śląskie
1128,konopiska,Śląskie
1129,kornowac,Śląskie
1130,kozieglowy,Śląskie
1131,kozieglowki,Śląskie
1132,kozy,Śląskie
1133,krzepice,Śląskie
1134,klobuck,Śląskie
1135,ligota,Śląskie
1136,lubliniec,Śląskie
1137,ledziny,Śląskie
1138,marklowice,Śląskie
1139,miasteczko-slaskie,Śląskie
1140,mikolow,Śląskie
1141,miedzyrzecze-gorne,Śląskie
1142,mstow,Śląskie
1143,mszana,Śląskie
1144,myszkow,Śląskie
1145,myslowice,Śląskie
1146,ogrodzieniec,Śląskie
1147,ornontowice,Śląskie
1148,orzesze,Śląskie
1149,ostrowy-nad-oksza,Śląskie
1150,paniowki,Śląskie
1151,parzymiechy,Śląskie
1152,pawlowice,Śląskie
1153,piekary-slaskie,Śląskie
1154,pisarzowice,Śląskie
1155,poreba,Śląskie
1156,pruchna,Śląskie
1157,przystajn,Śląskie
1158,przyszowice,Śląskie
1159,pszczyna,Śląskie
1160,pszow,Śląskie
1161,pyskowice,Śląskie
1162,raciborz,Śląskie
1163,radlin,Śląskie
1164,radostowice,Śląskie
1165,radzionkow,Śląskie
1166,ruda-slaska,Śląskie
1167,rudzica,Śląskie
1168,rybnik,Śląskie
1169,rydultowy,Śląskie
1170,siemianowice-slaskie,Śląskie
1171,siewierz,Śląskie
1172,skoczow,Śląskie
1173,sosnowiec,Śląskie
1174,szczekociny,Śląskie
1175,szczyrk,Śląskie
1176,slawkow,Śląskie
1177,tarnowskie-gory,Śląskie
1178,tychy,Śląskie
1179,ustron,Śląskie
1180,wieszowa,Śląskie
1181,wilcza,Śląskie
1182,wisla,Śląskie
1183,wodzislaw-slaski,Śląskie
1184,wojkowice,Śląskie
1185,wola,Śląskie
1186,wozniki,Śląskie
1187,zabrze,Śląskie
1188,zawiercie,Śląskie
1189,laziska-gorne,Śląskie
1190,lazy,Śląskie
1191,lodygowice,Śląskie
1192,swierklaniec,Śląskie
1193,swierklany,Śląskie
1194,swietochlowice,Śląskie
1195,zarki,Śląskie
1196,zernica,Śląskie
1197,zory,Śląskie
1198,zywiec,Śląskie
1199,bieliny,Świętokrzyskie
1200,bilcza,Świętokrzyskie
1201,blizyn,Świętokrzyskie
1202,bodzechow,Świętokrzyskie
1203,bodzentyn,Świętokrzyskie
1204,bogoria,Świętokrzyskie
1205,brody,Świętokrzyskie
1206,brzeziny,Świętokrzyskie
1207,busko-zdroj,Świętokrzyskie
1208,beczkow,Świętokrzyskie
1209,cedzyna,Świętokrzyskie
1210,chmielnik,Świętokrzyskie
1211,checiny,Świętokrzyskie
1212,daleszyce,Świętokrzyskie
1213,domaszowice,Świętokrzyskie
1214,donosy,Świętokrzyskie
1215,dwikozy,Świętokrzyskie
1216,dyminy,Świętokrzyskie
1217,dzialoszyce,Świętokrzyskie
1218,gromadzice,Świętokrzyskie
1219,gorno,Świętokrzyskie
1220,iwaniska,Świętokrzyskie
1221,janowice-poduszowskie,Świętokrzyskie
1222,jaroslawice,Świętokrzyskie
1223,jedrzejow,Świętokrzyskie
1224,kazimierza-wielka,Świętokrzyskie
1225,kielce,Świętokrzyskie
1226,klimontow,Świętokrzyskie
1227,kobierniki,Świętokrzyskie
1228,koprzywnica,Świętokrzyskie
1229,kostomloty-pierwsze,Świętokrzyskie
1230,konskie,Świętokrzyskie
1231,krasocin,Świętokrzyskie
1232,kuczow,Świętokrzyskie
1233,kunow,Świętokrzyskie
1234,lechow,Świętokrzyskie
1235,lipnik,Świętokrzyskie
1236,marcinkow,Świętokrzyskie
1237,maslow-pierwszy,Świętokrzyskie
1238,malogoszcz,Świętokrzyskie
1239,michalow,Świętokrzyskie
1240,miedziana-gora,Świętokrzyskie
1241,milczany,Świętokrzyskie
1242,mirzec,Świętokrzyskie
1243,mniow,Świętokrzyskie
1244,morawica,Świętokrzyskie
1245,nowa-slupia,Świętokrzyskie
1246,nowiny,Świętokrzyskie
1247,nowy-korczyn,Świętokrzyskie
1248,olesnica,Świętokrzyskie
1249,opatow,Świętokrzyskie
1250,osiek,Świętokrzyskie
1251,ostrowiec-swietokrzyski,Świętokrzyskie
1252,ozarow,Świętokrzyskie
1253,pacanow,Świętokrzyskie
1254,pawlow,Świętokrzyskie
1255,piekoszow,Świętokrzyskie
1256,pierzchnica,Świętokrzyskie
1257,pinczow,Świętokrzyskie
1258,polaniec,Świętokrzyskie
1259,radlin,Świętokrzyskie
1260,radoszyce,Świętokrzyskie
1261,rakow,Świętokrzyskie
1262,rytwiany,Świętokrzyskie
1263,sadowie,Świętokrzyskie
1264,samborzec,Świętokrzyskie
1265,sandomierz,Świętokrzyskie
1266,skalbmierz,Świętokrzyskie
1267,skarzysko-koscielne,Świętokrzyskie
1268,skarzysko-kamienna,Świętokrzyskie
1269,skroniow,Świętokrzyskie
1270,smykow,Świętokrzyskie
1271,solec-zdroj,Świętokrzyskie
1272,starachowice,Świętokrzyskie
1273,staszow,Świętokrzyskie
1274,stopnica,Świętokrzyskie
1275,strawczyn,Świętokrzyskie
1276,staporkow,Świętokrzyskie
1277,suchedniow,Świętokrzyskie
1278,sukow,Świętokrzyskie
1279,szczukowice,Świętokrzyskie
1280,szewna,Świętokrzyskie
1281,sedziszow,Świętokrzyskie
1282,wislica,Świętokrzyskie
1283,wodzislaw,Świętokrzyskie
1284,wola-jachowa,Świętokrzyskie
1285,wola-kopcowa,Świętokrzyskie
1286,wachock,Świętokrzyskie
1287,wlostow,Świętokrzyskie
1288,wloszczowa,Świętokrzyskie
1289,zagnansk,Świętokrzyskie
1290,zawada,Świętokrzyskie
1291,zawichost,Świętokrzyskie
1292,zgorsko,Świętokrzyskie
1293,zrecze-male,Świętokrzyskie
1294,cmielow,Świętokrzyskie
1295,lagow,Świętokrzyskie
1296,loniow,Świętokrzyskie
1297,lopuszno,Świętokrzyskie
1298,swieta-katarzyna,Świętokrzyskie
1299,bagienice,Warmińsko-mazurskie
1300,barczewo,Warmińsko-mazurskie
1301,bartoszyce,Warmińsko-mazurskie
1302,bartag,Warmińsko-mazurskie
1303,biala-piska,Warmińsko-mazurskie
1304,biskupiec,Warmińsko-mazurskie
1305,bisztynek,Warmińsko-mazurskie
1306,braniewo,Warmińsko-mazurskie
1307,bratian,Warmińsko-mazurskie
1308,dobre-miasto,Warmińsko-mazurskie
1309,dorotowo,Warmińsko-mazurskie
1310,drygaly,Warmińsko-mazurskie
1311,dywity,Warmińsko-mazurskie
1312,dzialdowo,Warmińsko-mazurskie
1313,dzwierzuty,Warmińsko-mazurskie
1314,elblag,Warmińsko-mazurskie
1315,elk,Warmińsko-mazurskie
1316,gajewo,Warmińsko-mazurskie
1317,galiny,Warmińsko-mazurskie
1318,gietrzwald,Warmińsko-mazurskie
1319,gizycko,Warmińsko-mazurskie
1320,gledy,Warmińsko-mazurskie
1321,goldap,Warmińsko-mazurskie
1322,gutkowo,Warmińsko-mazurskie
1323,gwizdziny,Warmińsko-mazurskie
1324,gorowo-ilaweckie,Warmińsko-mazurskie
1325,ilawa,Warmińsko-mazurskie
1326,ilowo-osada,Warmińsko-mazurskie
1327,jaroty,Warmińsko-mazurskie
1328,jeziorany,Warmińsko-mazurskie
1329,jeze,Warmińsko-mazurskie
1330,jonkowo,Warmińsko-mazurskie
1331,kalinowo,Warmińsko-mazurskie
1332,kiezliny,Warmińsko-mazurskie
1333,kisielice,Warmińsko-mazurskie
1334,komorowo-zulawskie,Warmińsko-mazurskie
1335,konieczki,Warmińsko-mazurskie
1336,korsze,Warmińsko-mazurskie
1337,kowale-oleckie,Warmińsko-mazurskie
1338,kruklanki,Warmińsko-mazurskie
1339,kurzetnik,Warmińsko-mazurskie
1340,ketrzyn,Warmińsko-mazurskie
1341,lidzbark,Warmińsko-mazurskie
1342,lidzbark-warminski,Warmińsko-mazurskie
1343,lubawa,Warmińsko-mazurskie
1344,marzecice,Warmińsko-mazurskie
1345,maldyty,Warmińsko-mazurskie
1346,mikolajki,Warmińsko-mazurskie
1347,milakowo,Warmińsko-mazurskie
1348,milomlyn,Warmińsko-mazurskie
1349,morag,Warmińsko-mazurskie
1350,mroczno,Warmińsko-mazurskie
1351,mragowo,Warmińsko-mazurskie
1352,mlynary,Warmińsko-mazurskie
1353,narzym,Warmińsko-mazurskie
1354,nidzica,Warmińsko-mazurskie
1355,nowa-wies,Warmińsko-mazurskie
1356,nowa-wies-elcka,Warmińsko-mazurskie
1357,nowe-miasto-lubawskie,Warmińsko-mazurskie
1358,olecko,Warmińsko-mazurskie
1359,olsztyn,Warmińsko-mazurskie
1360,olsztynek,Warmińsko-mazurskie
1361,orneta,Warmińsko-mazurskie
1362,orzysz,Warmińsko-mazurskie
1363,ostrzeszewo,Warmińsko-mazurskie
1364,ostroda,Warmińsko-mazurskie
1365,pacoltowo,Warmińsko-mazurskie
1366,pasym,Warmińsko-mazurskie
1367,paslek,Warmińsko-mazurskie
1368,piecki,Warmińsko-mazurskie
1369,pieniezno,Warmińsko-mazurskie
1370,pisz,Warmińsko-mazurskie
1371,prostki,Warmińsko-mazurskie
1372,reszel,Warmińsko-mazurskie
1373,rostek,Warmińsko-mazurskie
1374,rozogi,Warmińsko-mazurskie
1375,ruciane-nida,Warmińsko-mazurskie
1376,rudka,Warmińsko-mazurskie
1377,rybno,Warmińsko-mazurskie
1378,ryn,Warmińsko-mazurskie
1379,roznowo,Warmińsko-mazurskie
1380,samborowo,Warmińsko-mazurskie
1381,siedliska,Warmińsko-mazurskie
1382,stare-juchy,Warmińsko-mazurskie
1383,stary-olsztyn,Warmińsko-mazurskie
1384,stawiguda,Warmińsko-mazurskie
1385,susz,Warmińsko-mazurskie
1386,szczytno,Warmińsko-mazurskie
1387,sepopol,Warmińsko-mazurskie
1388,wielbark,Warmińsko-mazurskie
1389,wilkasy,Warmińsko-mazurskie
1390,wojciechy,Warmińsko-mazurskie
1391,wydminy,Warmińsko-mazurskie
1392,wojtowo,Warmińsko-mazurskie
1393,wegorzewo,Warmińsko-mazurskie
1394,zalewo,Warmińsko-mazurskie
1395,zwiniarz,Warmińsko-mazurskie
1396,legajny,Warmińsko-mazurskie
1397,swietajno,Warmińsko-mazurskie
1398,bieliny,Świętokrzyskie
1399,bilcza,Świętokrzyskie
1400,blizyn,Świętokrzyskie
1401,bodzechow,Świętokrzyskie
1402,bodzentyn,Świętokrzyskie
1403,bogoria,Świętokrzyskie
1404,brody,Świętokrzyskie
1405,brzeziny,Świętokrzyskie
1406,busko-zdroj,Świętokrzyskie
1407,beczkow,Świętokrzyskie
1408,cedzyna,Świętokrzyskie
1409,chmielnik,Świętokrzyskie
1410,checiny,Świętokrzyskie
1411,daleszyce,Świętokrzyskie
1412,domaszowice,Świętokrzyskie
1413,donosy,Świętokrzyskie
1414,dwikozy,Świętokrzyskie
1415,dyminy,Świętokrzyskie
1416,dzialoszyce,Świętokrzyskie
1417,gromadzice,Świętokrzyskie
1418,gorno,Świętokrzyskie
1419,iwaniska,Świętokrzyskie
1420,janowice-poduszowskie,Świętokrzyskie
1421,jaroslawice,Świętokrzyskie
1422,jedrzejow,Świętokrzyskie
1423,kazimierza-wielka,Świętokrzyskie
1424,kielce,Świętokrzyskie
1425,klimontow,Świętokrzyskie
1426,kobierniki,Świętokrzyskie
1427,koprzywnica,Świętokrzyskie
1428,kostomloty-pierwsze,Świętokrzyskie
1429,konskie,Świętokrzyskie
1430,krasocin,Świętokrzyskie
1431,kuczow,Świętokrzyskie
1432,kunow,Świętokrzyskie
1433,lechow,Świętokrzyskie
1434,lipnik,Świętokrzyskie
1435,marcinkow,Świętokrzyskie
1436,maslow-pierwszy,Świętokrzyskie
1437,malogoszcz,Świętokrzyskie
1438,michalow,Świętokrzyskie
1439,miedziana-gora,Świętokrzyskie
1440,milczany,Świętokrzyskie
1441,mirzec,Świętokrzyskie
1442,mniow,Świętokrzyskie
1443,morawica,Świętokrzyskie
1444,nowa-slupia,Świętokrzyskie
1445,nowiny,Świętokrzyskie
1446,nowy-korczyn,Świętokrzyskie
1447,olesnica,Świętokrzyskie
1448,opatow,Świętokrzyskie
1449,osiek,Świętokrzyskie
1450,ostrowiec-swietokrzyski,Świętokrzyskie
1451,ozarow,Świętokrzyskie
1452,pacanow,Świętokrzyskie
1453,pawlow,Świętokrzyskie
1454,piekoszow,Świętokrzyskie
1455,pierzchnica,Świętokrzyskie
1456,pinczow,Świętokrzyskie
1457,polaniec,Świętokrzyskie
1458,radlin,Świętokrzyskie
1459,radoszyce,Świętokrzyskie
1460,rakow,Świętokrzyskie
1461,rytwiany,Świętokrzyskie
1462,sadowie,Świętokrzyskie
1463,samborzec,Świętokrzyskie
1464,sandomierz,Świętokrzyskie
1465,skalbmierz,Świętokrzyskie
1466,skarzysko-koscielne,Świętokrzyskie
1467,skarzysko-kamienna,Świętokrzyskie
1468,skroniow,Świętokrzyskie
1469,smykow,Świętokrzyskie
1470,solec-zdroj,Świętokrzyskie
1471,starachowice,Świętokrzyskie
1472,staszow,Świętokrzyskie
1473,stopnica,Świętokrzyskie
1474,strawczyn,Świętokrzyskie
1475,staporkow,Świętokrzyskie
1476,suchedniow,Świętokrzyskie
1477,sukow,Świętokrzyskie
1478,szczukowice,Świętokrzyskie
1479,szewna,Świętokrzyskie
1480,sedziszow,Świętokrzyskie
1481,wislica,Świętokrzyskie
1482,wodzislaw,Świętokrzyskie
1483,wola-jachowa,Świętokrzyskie
1484,wola-kopcowa,Świętokrzyskie
1485,wachock,Świętokrzyskie
1486,wlostow,Świętokrzyskie
1487,wloszczowa,Świętokrzyskie
1488,zagnansk,Świętokrzyskie
1489,zawada,Świętokrzyskie
1490,zawichost,Świętokrzyskie
1491,zgorsko,Świętokrzyskie
1492,zrecze-male,Świętokrzyskie
1493,cmielow,Świętokrzyskie
1494,lagow,Świętokrzyskie
1495,loniow,Świętokrzyskie
1496,lopuszno,Świętokrzyskie
1497,swieta-katarzyna,Świętokrzyskie
1498,atanazyn,Wielkopolskie
1499,baranowo,Wielkopolskie
1500,bieganin,Wielkopolskie
1501,bojanowo,Wielkopolskie
1502,buk,Wielkopolskie
1503,blotnica,Wielkopolskie
1504,chodziez,Wielkopolskie
1505,chwalszyce,Wielkopolskie
1506,ciazen,Wielkopolskie
1507,czarnkow,Wielkopolskie
1508,czempin,Wielkopolskie
1509,dormowo,Wielkopolskie
1510,glinno,Wielkopolskie
1511,gniezno,Wielkopolskie
1512,golina,Wielkopolskie
1513,gostyn,Wielkopolskie
1514,grodzisk-wielkopolski,Wielkopolskie
1515,janikowo,Wielkopolskie
1516,jarocin,Wielkopolskie
1517,kalisz,Wielkopolskie
1518,kiekrz,Wielkopolskie
1519,komorniki,Wielkopolskie
1520,konin,Wielkopolskie
1521,kostrzyn,Wielkopolskie
1522,kozieglowy,Wielkopolskie
1523,kolo,Wielkopolskie
1524,koscian,Wielkopolskie
1525,koscielec,Wielkopolskie
1526,kozmin-wielkopolski,Wielkopolskie
1527,krotoszyn,Wielkopolskie
1528,kwilcz,Wielkopolskie
1529,kornik,Wielkopolskie
1530,kepno,Wielkopolskie
1531,leszno,Wielkopolskie
1532,lubon,Wielkopolskie
1533,miescisko,Wielkopolskie
1534,miedzychod,Wielkopolskie
1535,mosina,Wielkopolskie
1536,murowana-goslina,Wielkopolskie
1537,nowa-wies,Wielkopolskie
1538,nowy-tomysl,Wielkopolskie
1539,oborniki,Wielkopolskie
1540,opalenica,Wielkopolskie
1541,ostrzeszow,Wielkopolskie
1542,ostrow-wielkopolski,Wielkopolskie
1543,pila,Wielkopolskie
1544,pleszew,Wielkopolskie
1545,plewiska,Wielkopolskie
1546,pniewy,Wielkopolskie
1547,pobiedziska,Wielkopolskie
1548,poniec,Wielkopolskie
1549,poznan,Wielkopolskie
1550,przezmierowo,Wielkopolskie
1551,przybychowo,Wielkopolskie
1552,puszczykowo,Wielkopolskie
1553,pyzdry,Wielkopolskie
1554,pepowo,Wielkopolskie
1555,rakoniewice,Wielkopolskie
1556,raszkow,Wielkopolskie
1557,rawicz,Wielkopolskie
1558,robakowo,Wielkopolskie
1559,rogalinek,Wielkopolskie
1560,rogozno,Wielkopolskie
1561,rokietnica,Wielkopolskie
1562,ruchocice,Wielkopolskie
1563,rychtal,Wielkopolskie
1564,sadlno,Wielkopolskie
1565,sierakow,Wielkopolskie
1566,skoki,Wielkopolskie
1567,skrzydlewo,Wielkopolskie
1568,skorzewo,Wielkopolskie
1569,strzelce,Wielkopolskie
1570,steszew,Wielkopolskie
1571,suchy-las,Wielkopolskie
1572,swadzim,Wielkopolskie
1573,swarzedz,Wielkopolskie
1574,szamocin,Wielkopolskie
1575,szamotuly,Wielkopolskie
1576,slupca,Wielkopolskie
1577,tarnowo-podgorne,Wielkopolskie
1578,trzcianka,Wielkopolskie
1579,trzemeszno,Wielkopolskie
1580,turek,Wielkopolskie
1581,wilkowo,Wielkopolskie
1582,wiry,Wielkopolskie
1583,witkowo,Wielkopolskie
1584,wolsztyn,Wielkopolskie
1585,wronki,Wielkopolskie
1586,wrzesnia,Wielkopolskie
1587,wysogotowo,Wielkopolskie
1588,wagrowiec,Wielkopolskie
1589,zalasewo,Wielkopolskie
1590,zbaszyn,Wielkopolskie
1591,zielona-laka,Wielkopolskie
1592,zlotow,Wielkopolskie
1593,lowyn,Wielkopolskie
1594,lodz,Wielkopolskie
1595,smigiel,Wielkopolskie
1596,srem,Wielkopolskie
1597,sroda-wielkopolska,Wielkopolskie
1598,banie,Zachodniopomorskie
1599,baniewice,Zachodniopomorskie
1600,barlinek,Zachodniopomorskie
1601,barwice,Zachodniopomorskie
1602,bezrzecze,Zachodniopomorskie
1603,bialogard,Zachodniopomorskie
1604,bialy-bor,Zachodniopomorskie
1605,bobolice,Zachodniopomorskie
1606,boleszkowice,Zachodniopomorskie
1607,borne-sulinowo,Zachodniopomorskie
1608,chociwel,Zachodniopomorskie
1609,chojna,Zachodniopomorskie
1610,choszczno,Zachodniopomorskie
1611,cieszyno,Zachodniopomorskie
1612,czaplinek,Zachodniopomorskie
1613,czlopa,Zachodniopomorskie
1614,daleszewo,Zachodniopomorskie
1615,darlowo,Zachodniopomorskie
1616,dobra,Zachodniopomorskie
1617,dobrzany,Zachodniopomorskie
1618,doluje,Zachodniopomorskie
1619,drawno,Zachodniopomorskie
1620,drawsko-pomorskie,Zachodniopomorskie
1621,dziwnow,Zachodniopomorskie
1622,debno,Zachodniopomorskie
1623,golczewo,Zachodniopomorskie
1624,goleniow,Zachodniopomorskie
1625,goscino,Zachodniopomorskie
1626,gryfice,Zachodniopomorskie
1627,gryfino,Zachodniopomorskie
1628,grzybowo,Zachodniopomorskie
1629,grzedzice,Zachodniopomorskie
1630,kalisz-pomorski,Zachodniopomorskie
1631,kamien-pomorski,Zachodniopomorskie
1632,karlino,Zachodniopomorskie
1633,kliniska-wielkie,Zachodniopomorskie
1634,kobylanka,Zachodniopomorskie
1635,konikowo,Zachodniopomorskie
1636,koszalin,Zachodniopomorskie
1637,kolbaskowo,Zachodniopomorskie
1638,kolobrzeg,Zachodniopomorskie
1639,kretomino,Zachodniopomorskie
1640,lipiany,Zachodniopomorskie
1641,maszewo,Zachodniopomorskie
1642,mielno,Zachodniopomorskie
1643,mierzyn,Zachodniopomorskie
1644,mieszkowice,Zachodniopomorskie
1645,miroslawiec,Zachodniopomorskie
1646,miedzyzdroje,Zachodniopomorskie
1647,moryn,Zachodniopomorskie
1648,morzyczyn,Zachodniopomorskie
1649,mrzezyno,Zachodniopomorskie
1650,mysliborz,Zachodniopomorskie
1651,mscice,Zachodniopomorskie
1652,niechorze,Zachodniopomorskie
1653,nowogard,Zachodniopomorskie
1654,osieki,Zachodniopomorskie
1655,pelczyce,Zachodniopomorskie
1656,pobierowo,Zachodniopomorskie
1657,polanow,Zachodniopomorskie
1658,police,Zachodniopomorskie
1659,polczyn-zdroj,Zachodniopomorskie
1660,przeclaw,Zachodniopomorskie
1661,pyrzyce,Zachodniopomorskie
1662,ploty,Zachodniopomorskie
1663,rajkowo,Zachodniopomorskie
1664,recz,Zachodniopomorskie
1665,resko,Zachodniopomorskie
1666,rewal,Zachodniopomorskie
1667,sarbinowo,Zachodniopomorskie
1668,sianow,Zachodniopomorskie
1669,stare-bielice,Zachodniopomorskie
1670,stargard,Zachodniopomorskie
1671,stary-kostrzynek,Zachodniopomorskie
1672,stepnica,Zachodniopomorskie
1673,sulikowo,Zachodniopomorskie
1674,szczecin,Zachodniopomorskie
1675,szczecinek,Zachodniopomorskie
1676,szwecja,Zachodniopomorskie
1677,slawno,Zachodniopomorskie
1678,tanowo,Zachodniopomorskie
1679,trzcinsko-zdroj,Zachodniopomorskie
1680,trzebiatow,Zachodniopomorskie
1681,tuczno,Zachodniopomorskie
1682,tychowo,Zachodniopomorskie
1683,uliszki,Zachodniopomorskie
1684,ustronie-morskie,Zachodniopomorskie
1685,warzymice,Zachodniopomorskie
1686,walcz,Zachodniopomorskie
1687,wolin,Zachodniopomorskie
1688,wolczkowo,Zachodniopomorskie
1689,wegorzyno,Zachodniopomorskie
1690,zalom,Zachodniopomorskie
1691,zieleniewo,Zachodniopomorskie
1692,zlocieniec,Zachodniopomorskie
1693,lobez,Zachodniopomorskie
1694,swidwin,Zachodniopomorskie
1695,swieszyno,Zachodniopomorskie
1696,swinoujscie,Zachodniopomorskie
