voivodeship,links
Dolnoslaskie,https://www.olx.pl/dolnoslaskie/sitemap/regions/
Kujawsko-pomorskie,https://www.olx.pl/kujawsko-pomorskie/sitemap/regions/
Lubelskie,https://www.olx.pl/lubelskie/sitemap/regions/
Lubuskie,https://www.olx.pl/lubuskie/sitemap/regions/
Łódzkie,https://www.olx.pl/lodzkie/sitemap/regions/
Małopolskie,https://www.olx.pl/malopolskie/sitemap/regions/
Mazowieckie,https://www.olx.pl/mazowieckie/sitemap/regions/
Opolskie,https://www.olx.pl/opolskie/sitemap/regions/
Podkarpackie,https://www.olx.pl/podkarpackie/sitemap/regions/
Podlaskie,https://www.olx.pl/podlaskie/sitemap/regions/
Pomorskie,https://www.olx.pl/pomorskie/sitemap/regions/
Śląskie,https://www.olx.pl/slaskie/sitemap/regions/
Świętokrzyskie,https://www.olx.pl/swietokrzyskie/sitemap/regions/
Warmińsko-mazurskie,https://www.olx.pl/warminsko-mazurskie/sitemap/regions/
Świętokrzyskie,https://www.olx.pl/swietokrzyskie/sitemap/regions/
Wielkopolskie,https://www.olx.pl/wielkopolskie/sitemap/regions/
Zachodniopomorskie,https://www.olx.pl/zachodniopomorskie/sitemap/regions/
